{
  "retrieval": {
    "queries_tested": 3,
    "precision_at_k": [
      0.0,
      0.0,
      0.0
    ],
    "latencies_ms": [
      152.13894844055176,
      42.42062568664551,
      46.347856521606445
    ],
    "avg_precision": 0.0,
    "avg_latency_ms": 80.30247688293457,
    "std_latency_ms": 62.24319055040498
  },
  "comparison": {
    "keyword": {
      "mode": "keyword",
      "queries_tested": 10,
      "tool_selection_accuracy": 100.0,
      "correct_selections": 10,
      "tool_success_rate": 100.0,
      "successful_calls": 10,
      "latencies": {
        "retrieval_ms": [
          57.541608810424805,
          63.31181526184082,
          58.92801284790039,
          60.78624725341797,
          48.494577407836914,
          81.15148544311523,
          69.39387321472168,
          75.96325874328613,
          74.84149932861328,
          72.57866859436035
        ],
        "llm_ms": [],
        "tool_ms": [
          0,
          0,
          0,
          0,
          0,
          0,
          0,
          0,
          0,
          0
        ],
        "end_to_end_ms": [
          381.46328926086426,
          712.7916812896729,
          631.0913562774658,
          401.6592502593994,
          588.623046875,
          409.5940589904785,
          602.3619174957275,
          403.0492305755615,
          608.0241203308105,
          431.596040725708
        ]
      },
      "errors": [],
      "avg_retrieval_ms": 66.29910469055176,
      "std_retrieval_ms": 10.12870247708582,
      "avg_end_to_end_ms": 517.0253992080688,
      "std_end_to_end_ms": 122.71985289786824
    },
    "local_llm": {
      "mode": "local",
      "queries_tested": 10,
      "tool_selection_accuracy": 100.0,
      "correct_selections": 10,
      "tool_success_rate": 100.0,
      "successful_calls": 10,
      "latencies": {
        "retrieval_ms": [
          61.966657638549805,
          71.70486450195312,
          61.46740913391113,
          81.98332786560059,
          74.65696334838867,
          68.71223449707031,
          65.05656242370605,
          83.06407928466797,
          59.503793716430664,
          73.96578788757324
        ],
        "llm_ms": [],
        "tool_ms": [
          0,
          0,
          0,
          0,
          0,
          0,
          0,
          0,
          0,
          0
        ],
        "end_to_end_ms": [
          1929.4018745422363,
          1939.138650894165,
          1906.2514305114746,
          1876.7428398132324,
          1912.7330780029297,
          1725.9554862976074,
          1891.5553092956543,
          1870.8224296569824,
          1811.1896514892578,
          1967.573881149292
        ]
      },
      "errors": [],
      "avg_retrieval_ms": 70.20816802978516,
      "std_retrieval_ms": 8.351741514762232,
      "avg_end_to_end_ms": 1883.1364631652832,
      "std_end_to_end_ms": 69.89060198447439
    }
  }
}